{"video": {"meta": {}, "base_uri": "https://videobank.blob.core.windows.net/videobank", "folder": "1335", "output-frame-path": ""}, "ml-data": {"object-detection": {"meta": {"duration": 21.0, "fps": 1.0, "len_frames": 21}, "video": {}, "frames": [{"frame": 1, "instances": [{"label": "sky", "area_percentage": 100.0, "score": 1.0}], "objects": [{"label": "sky", "area_percentage": 100.0, "score": 1.0, "count": 1}]}, {"frame": 2, "instances": [{"label": "wall", "area_percentage": 33.16, "score": 1.0}, {"label": "table", "area_percentage": 8.87, "score": 1.0}, {"label": "sky", "area_percentage": 7.83, "score": 1.0}, {"label": "bird", "area_percentage": 1.36, "score": 0.61}], "objects": [{"label": "wall", "area_percentage": 33.16, "score": 1.0, "count": 1}, {"label": "table", "area_percentage": 8.87, "score": 1.0, "count": 1}, {"label": "sky", "area_percentage": 7.83, "score": 1.0, "count": 1}, {"label": "bird", "area_percentage": 1.36, "score": 0.61, "count": 1}]}, {"frame": 3, "instances": [{"label": "sky", "area_percentage": 31.05, "score": 1.0}, {"label": "wall", "area_percentage": 7.42, "score": 1.0}, {"label": "table", "area_percentage": 4.39, "score": 1.0}, {"label": "bird", "area_percentage": 1.42, "score": 0.5}], "objects": [{"label": "sky", "area_percentage": 31.05, "score": 1.0, "count": 1}, {"label": "wall", "area_percentage": 7.42, "score": 1.0, "count": 1}, {"label": "table", "area_percentage": 4.39, "score": 1.0, "count": 1}, {"label": "bird", "area_percentage": 1.42, "score": 0.5, "count": 1}]}, {"frame": 4, "instances": [{"label": "sky", "area_percentage": 15.53, "score": 1.0}, {"label": "wall", "area_percentage": 9.0, "score": 1.0}, {"label": "table", "area_percentage": 6.58, "score": 1.0}], "objects": [{"label": "sky", "area_percentage": 15.53, "score": 1.0, "count": 1}, {"label": "wall", "area_percentage": 9.0, "score": 1.0, "count": 1}, {"label": "table", "area_percentage": 6.58, "score": 1.0, "count": 1}]}, {"frame": 5, "instances": [{"label": "sky", "area_percentage": 18.54, "score": 1.0}, {"label": "wall", "area_percentage": 6.65, "score": 1.0}, {"label": "table", "area_percentage": 5.34, "score": 1.0}], "objects": [{"label": "sky", "area_percentage": 18.54, "score": 1.0, "count": 1}, {"label": "wall", "area_percentage": 6.65, "score": 1.0, "count": 1}, {"label": "table", "area_percentage": 5.34, "score": 1.0, "count": 1}]}, {"frame": 6, "instances": [{"label": "sky", "area_percentage": 19.4, "score": 1.0}, {"label": "wall", "area_percentage": 5.86, "score": 1.0}, {"label": "table", "area_percentage": 4.78, "score": 1.0}], "objects": [{"label": "sky", "area_percentage": 19.4, "score": 1.0, "count": 1}, {"label": "wall", "area_percentage": 5.86, "score": 1.0, "count": 1}, {"label": "table", "area_percentage": 4.78, "score": 1.0, "count": 1}]}, {"frame": 7, "instances": [{"label": "sky", "area_percentage": 19.32, "score": 1.0}, {"label": "wall", "area_percentage": 5.9, "score": 1.0}, {"label": "table", "area_percentage": 4.78, "score": 1.0}], "objects": [{"label": "sky", "area_percentage": 19.32, "score": 1.0, "count": 1}, {"label": "wall", "area_percentage": 5.9, "score": 1.0, "count": 1}, {"label": "table", "area_percentage": 4.78, "score": 1.0, "count": 1}]}, {"frame": 8, "instances": [{"label": "sky", "area_percentage": 19.73, "score": 1.0}, {"label": "wall", "area_percentage": 5.69, "score": 1.0}, {"label": "table", "area_percentage": 4.56, "score": 1.0}], "objects": [{"label": "sky", "area_percentage": 19.73, "score": 1.0, "count": 1}, {"label": "wall", "area_percentage": 5.69, "score": 1.0, "count": 1}, {"label": "table", "area_percentage": 4.56, "score": 1.0, "count": 1}]}, {"frame": 9, "instances": [{"label": "sky", "area_percentage": 19.56, "score": 1.0}, {"label": "wall", "area_percentage": 5.81, "score": 1.0}, {"label": "table", "area_percentage": 4.75, "score": 1.0}], "objects": [{"label": "sky", "area_percentage": 19.56, "score": 1.0, "count": 1}, {"label": "wall", "area_percentage": 5.81, "score": 1.0, "count": 1}, {"label": "table", "area_percentage": 4.75, "score": 1.0, "count": 1}]}, {"frame": 10, "instances": [{"label": "sky", "area_percentage": 41.69, "score": 1.0}, {"label": "wall", "area_percentage": 11.07, "score": 1.0}, {"label": "table", "area_percentage": 0.95, "score": 1.0}, {"label": "water", "area_percentage": 0.38, "score": 1.0}], "objects": [{"label": "sky", "area_percentage": 41.69, "score": 1.0, "count": 1}, {"label": "wall", "area_percentage": 11.07, "score": 1.0, "count": 1}, {"label": "table", "area_percentage": 0.95, "score": 1.0, "count": 1}, {"label": "water", "area_percentage": 0.38, "score": 1.0, "count": 1}]}, {"frame": 11, "instances": [{"label": "sky", "area_percentage": 41.67, "score": 1.0}, {"label": "wall", "area_percentage": 11.09, "score": 1.0}, {"label": "table", "area_percentage": 0.95, "score": 1.0}, {"label": "water", "area_percentage": 0.37, "score": 1.0}], "objects": [{"label": "sky", "area_percentage": 41.67, "score": 1.0, "count": 1}, {"label": "wall", "area_percentage": 11.09, "score": 1.0, "count": 1}, {"label": "table", "area_percentage": 0.95, "score": 1.0, "count": 1}, {"label": "water", "area_percentage": 0.37, "score": 1.0, "count": 1}]}, {"frame": 12, "instances": [{"label": "wall", "area_percentage": 44.77, "score": 1.0}, {"label": "sky", "area_percentage": 10.69, "score": 1.0}, {"label": "ceiling", "area_percentage": 6.78, "score": 1.0}], "objects": [{"label": "wall", "area_percentage": 44.77, "score": 1.0, "count": 1}, {"label": "sky", "area_percentage": 10.69, "score": 1.0, "count": 1}, {"label": "ceiling", "area_percentage": 6.78, "score": 1.0, "count": 1}]}, {"frame": 13, "instances": [{"label": "house", "area_percentage": 16.29, "score": 1.0}, {"label": "sky", "area_percentage": 9.42, "score": 1.0}, {"label": "grass", "area_percentage": 2.02, "score": 1.0}, {"label": "tree", "area_percentage": 0.49, "score": 1.0}, {"label": "building", "area_percentage": 0.48, "score": 1.0}], "objects": [{"label": "house", "area_percentage": 16.29, "score": 1.0, "count": 1}, {"label": "sky", "area_percentage": 9.42, "score": 1.0, "count": 1}, {"label": "grass", "area_percentage": 2.02, "score": 1.0, "count": 1}, {"label": "tree", "area_percentage": 0.49, "score": 1.0, "count": 1}, {"label": "building", "area_percentage": 0.48, "score": 1.0, "count": 1}]}, {"frame": 14, "instances": [{"label": "wall", "area_percentage": 66.64, "score": 1.0}, {"label": "ceiling", "area_percentage": 2.66, "score": 1.0}, {"label": "mirror-stuff", "area_percentage": 0.7, "score": 1.0}, {"label": "light", "area_percentage": 0.38, "score": 1.0}, {"label": "bed", "area_percentage": 27.36, "score": 0.71}], "objects": [{"label": "wall", "area_percentage": 66.64, "score": 1.0, "count": 1}, {"label": "ceiling", "area_percentage": 2.66, "score": 1.0, "count": 1}, {"label": "mirror-stuff", "area_percentage": 0.7, "score": 1.0, "count": 1}, {"label": "light", "area_percentage": 0.38, "score": 1.0, "count": 1}, {"label": "bed", "area_percentage": 27.36, "score": 0.71, "count": 1}]}, {"frame": 15, "instances": [{"label": "wall", "area_percentage": 8.06, "score": 1.0}], "objects": [{"label": "wall", "area_percentage": 8.06, "score": 1.0, "count": 1}]}, {"frame": 16, "instances": [{"label": "wall", "area_percentage": 24.44, "score": 1.0}, {"label": "ceiling", "area_percentage": 2.51, "score": 1.0}, {"label": "floor", "area_percentage": 2.3, "score": 1.0}, {"label": "mirror-stuff", "area_percentage": 1.76, "score": 1.0}], "objects": [{"label": "wall", "area_percentage": 24.44, "score": 1.0, "count": 1}, {"label": "ceiling", "area_percentage": 2.51, "score": 1.0, "count": 1}, {"label": "floor", "area_percentage": 2.3, "score": 1.0, "count": 1}, {"label": "mirror-stuff", "area_percentage": 1.76, "score": 1.0, "count": 1}]}, {"frame": 17, "instances": [{"label": "wall", "area_percentage": 24.07, "score": 1.0}, {"label": "mirror-stuff", "area_percentage": 9.71, "score": 1.0}, {"label": "sky", "area_percentage": 2.29, "score": 1.0}, {"label": "ceiling", "area_percentage": 0.58, "score": 1.0}, {"label": "parking meter", "area_percentage": 1.97, "score": 0.75}], "objects": [{"label": "wall", "area_percentage": 24.07, "score": 1.0, "count": 1}, {"label": "mirror-stuff", "area_percentage": 9.71, "score": 1.0, "count": 1}, {"label": "sky", "area_percentage": 2.29, "score": 1.0, "count": 1}, {"label": "ceiling", "area_percentage": 0.58, "score": 1.0, "count": 1}, {"label": "parking meter", "area_percentage": 1.97, "score": 0.75, "count": 1}]}, {"frame": 18, "instances": [{"label": "sky", "area_percentage": 4.36, "score": 1.0}, {"label": "wall", "area_percentage": 4.26, "score": 1.0}, {"label": "mirror-stuff", "area_percentage": 0.82, "score": 1.0}], "objects": [{"label": "sky", "area_percentage": 4.36, "score": 1.0, "count": 1}, {"label": "wall", "area_percentage": 4.26, "score": 1.0, "count": 1}, {"label": "mirror-stuff", "area_percentage": 0.82, "score": 1.0, "count": 1}]}, {"frame": 19, "instances": [{"label": "building", "area_percentage": 7.54, "score": 1.0}, {"label": "sky", "area_percentage": 6.75, "score": 1.0}, {"label": "door-stuff", "area_percentage": 1.35, "score": 1.0}, {"label": "wall", "area_percentage": 1.28, "score": 1.0}, {"label": "pavement", "area_percentage": 0.86, "score": 1.0}], "objects": [{"label": "building", "area_percentage": 7.54, "score": 1.0, "count": 1}, {"label": "sky", "area_percentage": 6.75, "score": 1.0, "count": 1}, {"label": "door-stuff", "area_percentage": 1.35, "score": 1.0, "count": 1}, {"label": "wall", "area_percentage": 1.28, "score": 1.0, "count": 1}, {"label": "pavement", "area_percentage": 0.86, "score": 1.0, "count": 1}]}, {"frame": 20, "instances": [{"label": "wall", "area_percentage": 11.42, "score": 1.0}, {"label": "ceiling", "area_percentage": 3.76, "score": 1.0}, {"label": "sky", "area_percentage": 2.79, "score": 1.0}, {"label": "floor", "area_percentage": 0.91, "score": 1.0}, {"label": "building", "area_percentage": 0.87, "score": 1.0}], "objects": [{"label": "wall", "area_percentage": 11.42, "score": 1.0, "count": 1}, {"label": "ceiling", "area_percentage": 3.76, "score": 1.0, "count": 1}, {"label": "sky", "area_percentage": 2.79, "score": 1.0, "count": 1}, {"label": "floor", "area_percentage": 0.91, "score": 1.0, "count": 1}, {"label": "building", "area_percentage": 0.87, "score": 1.0, "count": 1}]}, {"frame": 21, "instances": [{"label": "building", "area_percentage": 7.17, "score": 1.0}, {"label": "wall", "area_percentage": 3.84, "score": 1.0}, {"label": "floor", "area_percentage": 3.2, "score": 1.0}, {"label": "light", "area_percentage": 0.67, "score": 1.0}, {"label": "person", "area_percentage": 22.04, "score": 0.97}, {"label": "person", "area_percentage": 17.52, "score": 0.87}, {"label": "person", "area_percentage": 9.6, "score": 0.99}, {"label": "person", "area_percentage": 6.21, "score": 0.93}, {"label": "umbrella", "area_percentage": 3.59, "score": 0.78}], "objects": [{"label": "building", "area_percentage": 7.17, "score": 1.0, "count": 1}, {"label": "wall", "area_percentage": 3.84, "score": 1.0, "count": 1}, {"label": "floor", "area_percentage": 3.2, "score": 1.0, "count": 1}, {"label": "light", "area_percentage": 0.67, "score": 1.0, "count": 1}, {"label": "person", "area_percentage": 55.36, "score": 0.94, "count": 4}, {"label": "umbrella", "area_percentage": 3.59, "score": 0.78, "count": 1}]}]}}}